,precision,recall,f1-score,support
Class_0,0.99645,1.0,0.9982218437726965,199290.0
Class_12,0.0,0.0,0.0,710.0
accuracy,0.99645,0.99645,0.99645,0.99645
macro avg,0.498225,0.5,0.49911092188634826,200000.0
weighted avg,0.9929126024999999,0.99645,0.9946781562273034,200000.0
