overall_accuracy,average_reward_per_episode,total_predictions,number_of_classes,test_episodes,max_steps_per_episode,model_path,data_path,macro_avg_precision,macro_avg_recall,macro_avg_f1_score,weighted_avg_precision,weighted_avg_recall,weighted_avg_f1_score,precision_class_0,recall_class_0,f1_score_class_0,support_class_0,precision_class_1,recall_class_1,f1_score_class_1,support_class_1,precision_class_2,recall_class_2,f1_score_class_2,support_class_2,precision_class_3,recall_class_3,f1_score_class_3,support_class_3,precision_class_4,recall_class_4,f1_score_class_4,support_class_4,precision_class_5,recall_class_5,f1_score_class_5,support_class_5,precision_class_6,recall_class_6,f1_score_class_6,support_class_6,precision_class_7,recall_class_7,f1_score_class_7,support_class_7,precision_class_8,recall_class_8,f1_score_class_8,support_class_8,precision_class_9,recall_class_9,f1_score_class_9,support_class_9,precision_class_10,recall_class_10,f1_score_class_10,support_class_10,precision_class_11,recall_class_11,f1_score_class_11,support_class_11,precision_class_12,recall_class_12,f1_score_class_12,support_class_12,precision_class_13,recall_class_13,f1_score_class_13,support_class_13,precision_class_14,recall_class_14,f1_score_class_14,support_class_14
0.94075,17630.0,200000,15,10,20000,/home/yashpotdar/projects/rl_ids/models/dqn_model_final.pt,/home/yashpotdar/projects/rl_ids/data/processed/cicids2017_balanced.csv,0.9441680376798857,0.9407989877761768,0.9384721720861507,0.9428889187701344,0.94075,0.9377699619787926,0.9755102040816327,0.9094368340943684,0.9413154785348562,13140.0,0.9841509433962264,0.9886277482941622,0.9863842662632375,13190.0,0.9992625368731564,0.9948604992657856,0.9970566593083149,13620.0,0.9879427279577996,0.9886877828054299,0.9883151149641914,13260.0,0.9763440860215054,0.9948867786705624,0.9855282199710564,13690.0,0.9910044977511244,0.9910044977511244,0.9910044977511244,13340.0,0.9917664670658682,0.9902840059790733,0.9910246821241586,13380.0,0.9968919968919969,0.9968919968919969,0.9968919968919969,12870.0,1.0,1.0,1.0,13430.0,0.9929961089494164,1.0,0.9964857477547833,12760.0,0.9833815028901735,0.9869470630891951,0.9851610568222946,13790.0,0.9826224328593997,0.9818468823993686,0.9822345045400711,12670.0,0.73828125,0.42954545454545456,0.5431034482758621,13200.0,0.926812585499316,1.0,0.96201632942847,13550.0,0.6355532249606712,0.8589652728561304,0.7305605786618445,14110.0
